{
  "_generated": "Generated by SweetTooth, do not edit",
  "description": "My set of extensions: Battery Bar, Dash Board, DateMenu Mod, Media Player, Power Menu, Workspace Indicator, Notification Indicator, Modified Quick Settings, Background Clock.\n Disclaimer: this extension contains copyrighted icons.",
  "name": "Aylur's Widgets",
  "settings-schema": "org.gnome.shell.extensions.aylurs-widgets",
  "shell-version": [
    "44"
  ],
  "url": "https://github.com/Aylur/gnome-extensions",
  "uuid": "widgets@aylur",
  "version": 24
}